Experiment,Source quality,Daily equal-vol scale,Observations,Years,CAGR,Log growth,Volatility,Sharpe,Max drawdown,Worst day,Skew,CAGR uplift vs baseline,Mean daily PnL difference,Stdev daily PnL difference,Daily t-stat requested formula,Daily Newey-West t-stat 5 lags,Daily Newey-West t-stat 20 lags,Weekly t-stat from same daily P&Ls,Category,Hypothesis,Daily full-search max-t adjusted p
Combined: QQQ 100% + styles 15% + fast 4/26,Direct daily source P&L,1.0448208689892513,4719,18.726190476190474,0.4237418580108787,0.3532885170699295,0.3249869993526077,1.2099328543702688,-0.3914263898691255,-0.11302739951444225,-0.36035605138963583,0.06600963542431626,0.00018833252618219028,0.004188387992240305,3.088896912946201,2.9220464354063385,2.928808007014874,2.9669373264982655,Combined candidate,,0.14247669773635152
Combined: QQQ 75% + styles 15% + fast 4/26,Direct daily source P&L,1.0474267009060725,4719,18.726190476190474,0.4064620664605789,0.34107737841740304,0.3249845073001962,1.1724035130738057,-0.4066738082218553,-0.1206133130959652,-0.3984958060900691,0.048729843874016465,0.0001399315899863549,0.003333142903546817,2.883944004598059,2.701988707483443,2.627652291326196,2.799274776110925,Combined candidate,,0.2010652463382157
Combined: QQQ 100% + styles 20% + fast 4/26,Direct daily source P&L,1.0509651302867293,4719,18.726190476190474,0.4312319567223575,0.35853558158408005,0.3249871316525756,1.2261243008165503,-0.3959793567421587,-0.11461992386088785,-0.3713855229778532,0.07349973413579503,0.00020921435195616413,0.005647309176356786,2.5449244679921703,2.385501815718612,2.3514239209198835,2.4651620876798073,Combined candidate,,0.33422103861517977
Combined: QQQ share 100% + fast 4/26 vol,Direct daily source P&L,1.0396338427821086,4719,18.726190476190474,0.40863033874699894,0.34261784132454576,0.32498709765378203,1.1770326714840789,-0.44229366972391015,-0.11096361913491568,-0.3489487540170725,0.05089811616043649,0.00014590173476150873,0.003973882297381945,2.5221472874615225,2.432357273363399,2.3829930767525522,2.44570072417792,Combined candidate,,0.340878828229028
Combined: QQQ 75% + gold-only static commodities + fast 4/26,Direct daily source P&L,1.031225115550471,4719,18.726190476190474,0.3967004343844418,0.3341126223372312,0.3249844931840723,1.150916611885383,-0.44299225524166197,-0.11949801411873254,-0.3848079714603537,0.03896821179787935,0.0001122203086917625,0.0030692875030910354,2.5116485917312033,2.4305721486317498,2.4146880308909844,2.3543425659217796,Combined candidate,,0.34753661784287615
Combined: QQQ 75% + remove Silver + fast 4/26,Direct daily source P&L,1.0338243062948125,4719,18.726190476190474,0.39434865877203595,0.33242739496179197,0.32498444538378884,1.1457282552363086,-0.4375833714577355,-0.11879171374024747,-0.3868116507487155,0.0366164361854735,0.00010552897571180495,0.002890277957518027,2.5081707605904517,2.417865757204327,2.4028757091245923,2.3705418066906203,Combined candidate,,0.3488681757656458
Combined: QQQ share 75% + fast 4/26 vol,Direct daily source P&L,1.0417542401916728,4719,18.726190476190474,0.3916528197804878,0.3304921197268766,0.32498479775108524,1.1397714214276577,-0.4319782366023023,-0.11900901819268382,-0.3886217774421534,0.03392059719392537,9.78465511569975e-05,0.0027238624802063526,2.46766006956151,2.369841720766251,2.355621604720247,2.4373931998428673,Combined candidate,,0.36617842876165113
Combined: moderated grid-inspired static + fast 4/26,Direct daily source P&L,1.026572086571428,4719,18.726190476190474,0.4028200012107499,0.3384844972452224,0.3249850843077201,1.1643730056889476,-0.43640840415791693,-0.10702294937278918,-0.3789052359341002,0.04508777862418745,0.0001295747848273119,0.004154723400067623,2.1424138585589714,2.077661867194669,2.0651263090239387,1.938802634175575,Combined candidate,,0.5752330226364847
Static: QQQ share of equity 75%,Direct daily source P&L,1.0410549808214336,4719,18.726190476190474,0.3698636449878574,0.3147112056807299,0.32498286506541124,1.0912337991586512,-0.4527585279034966,-0.11165748191021575,-0.42120960083043113,0.012131422401294945,3.524842719895274e-05,0.0011431259058894431,2.11821805268391,2.1297557420407673,2.080540871821881,2.0156138753051254,Static risk budgets,Change the QQQ versus broad-US mix while holding total direct-equity risk fixed.,0.59254327563249
Combined: QQQ 75% + styles 20% + fast 4/26,Direct daily source P&L,1.0540282319734349,4719,18.726190476190474,0.4144084592454593,0.346711393684728,0.3249844596139572,1.1897726167847935,-0.410874653925547,-0.12168209069385359,-0.4035928309176389,0.05667623665889687,0.00016233221977235104,0.00527522497535356,2.113920887771334,1.975884417354919,1.879282401005668,2.085416521024302,Combined candidate,,0.59254327563249
"Vol forecast: fast 4w, slow 52w, floor 2%",Direct daily source P&L,1.049105940065873,4719,18.726190476190474,0.382091885951652,0.3235982107992743,0.32498337016582424,1.1186374777201071,-0.4198812612725086,-0.1256523787313389,-0.4327346560078008,0.024359663365089546,7.059047296273548e-05,0.0022986086133530976,2.109628824050773,2.035198430467748,1.988955549676693,2.15260035106086,Volatility targeting,Change the speed and floor of the no-lookahead volatility estimator.,0.596537949400799
"Vol forecast: fast 4w, slow 52w, floor 1%",Direct daily source P&L,1.049105940065873,4719,18.726190476190474,0.382091885951652,0.3235982107992743,0.32498337016582424,1.1186374777201071,-0.4198812612725086,-0.1256523787313389,-0.4327346560078008,0.024359663365089546,7.059047296273548e-05,0.0022986086133530976,2.109628824050773,2.035198430467748,1.988955549676693,2.15260035106086,Volatility targeting,Change the speed and floor of the no-lookahead volatility estimator.,0.596537949400799
Static grid candidate 272,Direct daily source P&L,1.0468840765056606,4719,18.726190476190474,0.4010569288436747,0.33722690096448454,0.3249843504282716,1.1605877450295297,-0.44191310352770774,-0.12184089882809446,-0.41409853640491157,0.043324706257112267,0.00012469300024671307,0.004281917773218725,2.000454786890091,2.06275942823788,2.0265906507224063,2.0481905978433232,Static grid search,,0.681757656458056
"Vol forecast: fast 4w, slow 104w, floor 2%",Direct daily source P&L,1.0531999018582165,4719,18.726190476190474,0.3815687851997045,0.32321965436964073,0.32498339924614567,1.1175283314308762,-0.4281965263044196,-0.12725263660007197,-0.4572259491157342,0.023836562613142043,6.916002635956072e-05,0.002448796455539109,1.940114899008654,1.8693842749937712,1.851713718291812,2.0071115322836848,Volatility targeting,Change the speed and floor of the no-lookahead volatility estimator.,0.7137150466045273
"Vol forecast: fast 4w, slow 104w, floor 1%",Direct daily source P&L,1.0531999018582165,4719,18.726190476190474,0.3815687851997045,0.32321965436964073,0.32498339924614567,1.1175283314308762,-0.4281965263044196,-0.12725263660007197,-0.4572259491157342,0.023836562613142043,6.916002635956072e-05,0.002448796455539109,1.940114899008654,1.8693842749937712,1.851713718291812,2.0071115322836848,Volatility targeting,Change the speed and floor of the no-lookahead volatility estimator.,0.7137150466045273
Static: QQQ share of equity 100%,Direct daily source P&L,1.0359980274673037,4719,18.726190476190474,0.3871169191127479,0.3272274341842404,0.32498536089356195,1.129689850975602,-0.4301643242560902,-0.10911914882204356,-0.3796679522136332,0.029384696526185472,8.484452577240149e-05,0.0030382527646443586,1.9183370447925965,1.9290289452630673,1.8757720354738487,1.8153856979605247,Static risk budgets,Change the QQQ versus broad-US mix while holding total direct-equity risk fixed.,0.7363515312916112
Static grid candidate 007,Direct daily source P&L,1.0435612163445123,4719,18.726190476190474,0.3825236272450372,0.32391054449980794,0.32498282192570943,1.1195643340233532,-0.43408705208876197,-0.1141495597271999,-0.4177924989337362,0.024791404658474736,7.178582335382717e-05,0.002700028973098394,1.8263972734631249,1.8044707648796776,1.7907066817459254,1.7579890033315357,Static grid search,,0.7909454061251664
"Vol forecast: fast 4w, slow 26w, floor 2%",Direct daily source P&L,1.0435366104452435,4719,18.726190476190474,0.379100644866013,0.3214315800972141,0.32498358200771826,1.1119381819353742,-0.425064888050356,-0.12310191450568038,-0.421179927207183,0.021368422279450572,6.19505081609971e-05,0.0024234798971407507,1.756023971619491,1.7145621025964275,1.7011746774200507,1.7953465800475013,Volatility targeting,Change the speed and floor of the no-lookahead volatility estimator.,0.8362183754993342
"Vol forecast: fast 4w, slow 26w, floor 1%",Direct daily source P&L,1.0435366104452435,4719,18.726190476190474,0.379100644866013,0.3214315800972141,0.32498358200771826,1.1119381819353742,-0.425064888050356,-0.12310191450568038,-0.421179927207183,0.021368422279450572,6.19505081609971e-05,0.0024234798971407507,1.756023971619491,1.7145621025964275,1.7011746774200507,1.7953465800475013,Volatility targeting,Change the speed and floor of the no-lookahead volatility estimator.,0.8362183754993342
Combined: QQQ 75% + rates 16% + fast 4/26,Direct daily source P&L,1.0400260447809475,4719,18.726190476190474,0.3883442672762958,0.32811186250885266,0.32498417835942556,1.1323614321479327,-0.4749867383608254,-0.10755043017399617,-0.35431707509451466,0.03061204468973333,8.829001736370091e-05,0.003632698187494504,1.6695801538763997,1.6820167508497417,1.693036132706052,1.665247199241663,Combined candidate,,0.8748335552596538
Static grid candidate 466,Direct daily source P&L,1.0471775450224685,4719,18.726190476190474,0.3856984769914851,0.3262043280322877,0.32498527042642766,1.1267835454542234,-0.44461982879782314,-0.11930239886496109,-0.47977034921991324,0.02796625440492262,8.109631428649642e-05,0.003661690387963755,1.5214037600435093,1.58048579845588,1.5541487085803558,1.6002112315225936,Static grid search,,0.9360852197070573
Static grid candidate 171,Direct daily source P&L,1.0357280414867716,4719,18.726190476190474,0.3800395438658837,0.32211215373384505,0.32498492137190893,1.1141134632271632,-0.44882544395102464,-0.12262069501001564,-0.45255670808931114,0.022307321279321224,6.475593046191491e-05,0.0030165528928788867,1.4746657444035514,1.4725173725070086,1.5284907645516363,1.3939868554177324,Static grid search,,0.9467376830892144
"Vol forecast: fast 4w, slow 104w, floor 4%",Direct daily source P&L,1.0507728505330283,4719,18.726190476190474,0.3757543970172901,0.31900223304005965,0.3249837183613094,1.1045824281139325,-0.43108443408920216,-0.12829453971745622,-0.47734737439440744,0.018022174430727622,5.246392089128049e-05,0.0024470193379159417,1.4728154512932448,1.4335855856462618,1.4434592926473535,1.532388698447228,Volatility targeting,Change the speed and floor of the no-lookahead volatility estimator.,0.9467376830892144
"Vol forecast: fast 8w, slow 104w, floor 2%",Direct daily source P&L,1.0516239053216,4719,18.726190476190474,0.36711442758991275,0.3127022613270206,0.32498219898837144,1.085157929277875,-0.46664948814324003,-0.11971318396371547,-0.46899986564145185,0.009382205003350297,2.741248390033309e-05,0.0013042100488387452,1.4438624971893796,1.41057776566054,1.4512825232665485,1.598177026103461,Volatility targeting,Change the speed and floor of the no-lookahead volatility estimator.,0.952063914780293
"Vol forecast: fast 8w, slow 104w, floor 1%",Direct daily source P&L,1.0516239053216,4719,18.726190476190474,0.36711442758991275,0.3127022613270206,0.32498219898837144,1.085157929277875,-0.46664948814324003,-0.11971318396371547,-0.46899986564145185,0.009382205003350297,2.741248390033309e-05,0.0013042100488387452,1.4438624971893796,1.41057776566054,1.4512825232665485,1.598177026103461,Volatility targeting,Change the speed and floor of the no-lookahead volatility estimator.,0.952063914780293
Static: QQQ-trend barbell,Direct daily source P&L,1.0594749970113246,4719,18.726190476190474,0.39800094992967394,0.33504332330328646,0.3249844434944306,1.1537587265174636,-0.4274099309903626,-0.11883689873421235,-0.37145425833021345,0.04026872734311149,0.00011588573430853216,0.005644288077066096,1.4104113500413047,1.4280095292822366,1.434269205352656,1.471821812231572,Alternative allocation,Pre-specified multi-sleeve composition hypothesis.,0.9587217043941412
Static grid candidate 121,Direct daily source P&L,1.0478158624121883,4719,18.726190476190474,0.39281335920196714,0.3313257010412699,0.3249844761906319,1.1424986849043715,-0.4500810573744324,-0.11880131885189149,-0.45251212069772917,0.035081136615404684,0.00010136385524402867,0.005124353777349231,1.3588421304900462,1.3113328282036676,1.287284227876742,1.3371376756090356,Static grid search,,0.9720372836218375
Combined: sampled-grid winner + fast 4/26,Direct daily source P&L,1.0245944851058997,4719,18.726190476190474,0.39804963239127367,0.33507814560722665,0.32498577184474875,1.153976422015709,-0.42140675927175586,-0.11500348270459634,-0.41981999886348,0.04031740980471121,0.00011616649239158731,0.005888784466527338,1.3551276468837348,1.2961379058376172,1.2809689289866635,1.1721370341185362,Combined candidate,,0.9733688415446072
"Vol forecast: fast 8w, slow 52w, floor 1%",Direct daily source P&L,1.047889506838358,4719,18.726190476190474,0.36404084174186147,0.31045150159899687,0.32498236353105864,1.0781923437861956,-0.4565719384826652,-0.11738924229506051,-0.45498657671789716,0.006308619155299011,1.842908991304822e-05,0.0009677418954628337,1.3081855107727052,1.2835936717897374,1.2528542173289208,1.3909480375649905,Volatility targeting,Change the speed and floor of the no-lookahead volatility estimator.,0.9786950732356857
"Vol forecast: fast 8w, slow 52w, floor 2%",Direct daily source P&L,1.047889506838358,4719,18.726190476190474,0.36404084174186147,0.31045150159899687,0.32498236353105864,1.0781923437861956,-0.4565719384826652,-0.11738924229506051,-0.45498657671789716,0.006308619155299011,1.842908991304822e-05,0.0009677418954628337,1.3081855107727052,1.2835936717897374,1.2528542173289208,1.3909480375649905,Volatility targeting,Change the speed and floor of the no-lookahead volatility estimator.,0.9786950732356857
"Vol forecast: fast 4w, slow 52w, floor 4%",Direct daily source P&L,1.0474637715561126,4719,18.726190476190474,0.37330448232101654,0.3172198664539769,0.32498416529099555,1.0990757734875347,-0.427053715061379,-0.1282439149348102,-0.469794437610914,0.015572259734454086,4.5362084567553214e-05,0.002416227387437634,1.2896747287959742,1.2583741250640437,1.2645334968482647,1.3145584812796218,Volatility targeting,Change the speed and floor of the no-lookahead volatility estimator.,0.9786950732356857
Static grid candidate 032,Direct daily source P&L,1.0294188333933663,4719,18.726190476190474,0.3810975748759935,0.3228785271636273,0.32498077211466014,1.116346167647551,-0.42273427894000193,-0.10741153109229602,-0.40190376628975877,0.02336535228943104,6.76354103691616e-05,0.0037779196394034467,1.2298337364509464,1.1627169371528987,1.1896237625853165,1.0393606718569737,Static grid search,,0.9920106524633822
Static: remove Broad_US,Direct daily source P&L,1.0609065677870304,4719,18.726190476190474,0.3981399802308072,0.3351427677195158,0.3249841893971223,1.1540341301646133,-0.4562365538411486,-0.13212629868475986,-0.353443240209015,0.04040775764424476,0.00011624091758362648,0.0068505748351915694,1.1656200342545195,1.1964569931071152,1.2048165378203541,1.2334444155963358,Leave-one-out,Remove Broad_US and redistribute its allocation pro rata.,0.9933422103861518
"Vol forecast: fast 8w, slow 104w, floor 4%",Direct daily source P&L,1.0508127324296197,4719,18.726190476190474,0.3655809817060143,0.31157996570663377,0.3249819265351485,1.0817189123418487,-0.4687730992627498,-0.12040206603748323,-0.477148964589889,0.00784875911945182,2.297724380426771e-05,0.0013886698891907663,1.1366425307527994,1.1087202826557105,1.1567304079076657,1.2459616238475906,Volatility targeting,Change the speed and floor of the no-lookahead volatility estimator.,0.9933422103861518
Static grid candidate 260,Direct daily source P&L,1.0385242896174334,4719,18.726190476190474,0.38971513459823437,0.3290987870017448,0.3249822247290066,1.1355185285043048,-0.4402993597467205,-0.11030902457928796,-0.4041357287657148,0.031982912011671916,9.23616694106099e-05,0.005593682795180431,1.1342764827574154,1.0787946159340092,1.0774434605216934,1.0419329617094215,Static grid search,,0.9933422103861518
"Vol forecast: fast 4w, slow 26w, floor 4%",Direct daily source P&L,1.0464539954766,4719,18.726190476190474,0.37104938040312385,0.31557641773105904,0.3249841933012287,1.0940243244768337,-0.42944096206406246,-0.128029146296314,-0.4740649450280131,0.013317157816561398,3.884731897835561e-05,0.0024074561776378568,1.108479459223682,1.0865628207668019,1.09621078179542,1.1333534516768775,Volatility targeting,Change the speed and floor of the no-lookahead volatility estimator.,0.9933422103861518
Static grid candidate 183,Direct daily source P&L,1.0739789428287858,4719,18.726190476190474,0.4010436763663736,0.3372174420055338,0.3249839892666492,1.1606045646685406,-0.46377023066159484,-0.118212383537786,-0.42941529396858913,0.04331145377981116,0.00012471469224146912,0.007755129591912679,1.1047233880580885,1.1004534590795967,1.0608173519705228,1.228763815455978,Static grid search,,0.9933422103861518
Grid winner: maximum worst-subperiod growth,Direct daily source P&L,1.0739838598424516,4719,18.726190476190474,0.4010378230292879,0.33721326415625513,0.3249839901392155,1.1605918179131767,-0.4637719380429989,-0.11821292566695152,-0.4294729940475629,0.04330560044272547,0.00012469825297363888,0.007755139437338607,1.1045763666378878,1.1002944306450266,1.0606649543611244,1.2286275628576027,Data-mined static grid,Best candidate from the constrained static grid under the named objective; biased upward by selection.,0.9933422103861518
"Vol forecast: fast 13w, slow 104w, floor 1%",Direct daily source P&L,1.0483715135762939,4719,18.726190476190474,0.36251353853720825,0.3093311840469653,0.32498143802338125,1.0747560421152706,-0.47214853664449963,-0.11529990017716077,-0.4612898308824348,0.0047813159506457925,1.3997351646973774e-05,0.0008823392089784281,1.0897710919067132,1.06623470807712,1.0339360716258497,1.290344145732323,Volatility targeting,Change the speed and floor of the no-lookahead volatility estimator.,0.9933422103861518
"Vol forecast: fast 13w, slow 104w, floor 2%",Direct daily source P&L,1.0483715135762939,4719,18.726190476190474,0.36251353853720825,0.3093311840469653,0.32498143802338125,1.0747560421152706,-0.47214853664449963,-0.11529990017716077,-0.4612898308824348,0.0047813159506457925,1.3997351646973774e-05,0.0008823392089784281,1.0897710919067132,1.06623470807712,1.0339360716258497,1.290344145732323,Volatility targeting,Change the speed and floor of the no-lookahead volatility estimator.,0.9933422103861518
Static grid candidate 202,Direct daily source P&L,1.0286289019918915,4719,18.726190476190474,0.38794686088936037,0.32782557668989204,0.32498138842038127,1.1319995361912283,-0.424891850943553,-0.1750441647689994,-0.5376131683683648,0.030214638302797914,8.782328646715789e-05,0.005833117492931895,1.0342700515654282,1.012698851593078,1.0728677075536361,0.9791618306000877,Static grid search,,0.9946737683089214
Static grid candidate 307,Direct daily source P&L,1.0636139439976182,4719,18.726190476190474,0.39212238431385926,0.3308294778132153,0.3249820081967644,1.140865211374779,-0.4607413907129785,-0.11992013438444743,-0.4041257968075391,0.03439016172729681,9.925719295388017e-05,0.006646812867689057,1.0258255829203904,1.0525513218486147,1.0211350296200399,1.1306844155968703,Static grid search,,0.9946737683089214
"High-vol equity cut: 13w, q70%, cut 25%",Direct daily source P&L,1.0585633042209206,4719,18.726190476190474,0.37971579720807824,0.32187753390760765,0.324980746442936,1.1134344477997413,-0.4851387640517669,-0.12014993532420733,-0.4722851613158767,0.02198357462151579,6.388021612099436e-05,0.004336543248285077,1.0119235042050845,1.0545574006531495,1.0643209777566727,1.152763715386013,Regime allocation,Reduce direct equity during unusually high realized-volatility regimes.,0.996005326231691
"Vol forecast: fast 13w, slow 104w, floor 4%",Direct daily source P&L,1.0480519134402677,4719,18.726190476190474,0.3626218607098646,0.30941068260894034,0.32498108587394864,1.0750142186808702,-0.4741367143252474,-0.11591812648757352,-0.467551129244073,0.00488963812330212,1.433031745578348e-05,0.0010201333822431858,0.964992283598189,0.9368356031996062,0.9266853852563697,1.0822219609158064,Volatility targeting,Change the speed and floor of the no-lookahead volatility estimator.,0.9986684420772304
Static: equity total 35%,Direct daily source P&L,1.0543578743722333,4719,18.726190476190474,0.37069059473618693,0.31531469658154165,0.3249810024014545,1.0931037663669472,-0.46711360517533973,-0.10884674108526717,-0.42321910823995895,0.012958372149624475,3.7660091257271754e-05,0.0026912082705977413,0.9613002338010003,0.9728173060918214,0.9667445786819184,1.0637255137360226,Static risk budgets,Change total direct-equity risk while rescaling all other sleeves pro rata.,0.9986684420772304
Static: styles total 15%,Direct daily source P&L,1.0494621062473566,4719,18.726190476190474,0.3684619071666646,0.3136874136465609,0.3249811434974285,1.0881847442546835,-0.4649627105776528,-0.11608638556383473,-0.4645530624056868,0.01072968458010215,3.1316114326772485e-05,0.002343701333541924,0.9178899006386233,0.869886043880964,0.8241271177545186,0.95195505052687,Static risk budgets,Change the market-neutral style allocation and rescale all other sleeves pro rata.,1.0
Static: remove corn and silver,Direct daily source P&L,1.0337429996187912,4719,18.726190476190474,0.36363278850039626,0.3101523065340268,0.324980663241557,1.0772365884449753,-0.44774403774000837,-0.11224790445019817,-0.4399407786378423,0.005900565913833811,1.7196468937267902e-05,0.0013256389546096234,0.8911257857296564,0.8810952279091205,0.8914916162601966,0.5962926828643141,Simplification,Use gold as the only static commodity holding.,1.0
Static grid candidate 225,Direct daily source P&L,1.0620219331579286,4719,18.726190476190474,0.3896359546553616,0.329041809714348,0.32498600321183235,1.1354910958755813,-0.4674038994195664,-0.15265645497575367,-0.4580671908186771,0.03190373206879915,9.232629002832739e-05,0.0073180648772256975,0.866670706955444,0.8499748513755845,0.8251466753388438,0.9269003800249187,Static grid search,,1.0
Static grid candidate 221,Direct daily source P&L,1.056759922640993,4719,18.726190476190474,0.38898306835573204,0.32857187388922243,0.32498176366045073,1.1337619778579033,-0.44278823421894875,-0.1380982310982997,-0.34041569666478944,0.03125084576916959,9.009627671187755e-05,0.0072464136525041455,0.8540999785291401,0.8796709233228968,0.8895445074158568,0.901448310008453,Static grid search,,1.0
Static grid candidate 417,Direct daily source P&L,1.0467976628150637,4719,18.726190476190474,0.3996791400786408,0.3362430246960525,0.3249823333927292,1.1579623795451828,-0.4479771377101788,-0.1923106305378948,-0.5300715215788151,0.04194691749207835,0.00012130711222126498,0.009828134336549036,0.8478912800526727,0.8493899844504252,0.8600603434406755,0.8791923124484339,Static grid search,,1.0
Static grid candidate 046,Direct daily source P&L,1.0481419382655808,4719,18.726190476190474,0.38578456634022285,0.32626645314539104,0.32498624818607963,1.127269297796866,-0.45429710442352855,-0.1848873800722697,-0.5503582175150286,0.02805234375366039,8.172278060141264e-05,0.006754288752478572,0.8311673989378969,0.8875736835928213,0.9089102672351931,0.9311185540740364,Static grid search,,1.0
"Static: commodities 4%, gold only",Direct daily source P&L,1.0335867667117846,4719,18.726190476190474,0.3633437436437008,0.3099403172819218,0.32498061204617135,1.0765847729859956,-0.4474140727687005,-0.11231325888389854,-0.4404772362790765,0.005611521057138358,1.6355833920726698e-05,0.0013543326783000398,0.8296068381648459,0.8130830090671701,0.8211093703311542,0.5357723561054534,Static risk budgets,Change static commodity beta and its mix.,1.0
Static grid candidate 452,Direct daily source P&L,1.0305179314218869,4719,18.726190476190474,0.3895817095223697,0.3290027734533902,0.324980477791313,1.1355472403160918,-0.4284512754609855,-0.176954147113318,-0.4968319124228788,0.03184948693580725,9.239869853295384e-05,0.0076548341157867145,0.8291919152410939,0.8281736574991785,0.8764054032552728,0.7858973699659205,Static grid search,,1.0
Static grid candidate 023,Direct daily source P&L,1.060746468949684,4719,18.726190476190474,0.38377171763109086,0.32481289968256416,0.32498520930527974,1.1222990261755892,-0.4356245389210981,-0.11392423371057067,-0.3930691751000011,0.026039495044528405,7.531270807397249e-05,0.006246410187139369,0.8282524951030245,0.8547594944338293,0.8820208460548858,0.9770646558275238,Static grid search,,1.0
"High-vol equity cut: 13w, q90%, cut 25%",Direct daily source P&L,1.0515830771645196,4719,18.726190476190474,0.3687874814796579,0.31392529793717644,0.32498213926008496,1.0888602158515408,-0.47945917294477447,-0.11324795390246281,-0.43989741932794846,0.011055258893095443,3.2187258251290804e-05,0.002682259854491147,0.8243433212421348,0.8612630047703863,0.8460115663356101,0.8887692796631583,Regime allocation,Reduce direct equity during unusually high realized-volatility regimes.,1.0
Static grid candidate 476,Direct daily source P&L,1.0723700327094925,4719,18.726190476190474,0.3971356972139646,0.3344242102847997,0.32498350388803404,1.1518202445951589,-0.45789142938943417,-0.1324763131111574,-0.3482328316093065,0.039403474627402124,0.000113385708019846,0.009483243546348727,0.8213464810717762,0.8448056980636551,0.8284448807862547,0.9263726913322681,Static grid search,,1.0
Static: remove Silver,Direct daily source P&L,1.0361113819445307,4719,18.726190476190474,0.3614379257351088,0.30854143953638113,0.324980717534555,1.0722818243929702,-0.4542397499173413,-0.11202000813168046,-0.44321174180453793,0.0037057031485463465,1.0806396251150085e-05,0.0009104330140934063,0.815375915690919,0.821876770186281,0.8206886469431797,0.5341409449682832,Leave-one-out,Remove Silver and redistribute its allocation pro rata.,1.0
Static grid candidate 284,Direct daily source P&L,1.0645591662140597,4719,18.726190476190474,0.3707168117370536,0.31533382325407205,0.3249818072006081,1.0932007473468448,-0.4674477212114133,-0.11601122051842044,-0.43929869430215895,0.012984589150491166,3.778516593372644e-05,0.003184061703740049,0.8152012691302778,0.8212031460966697,0.80176226644392,1.0004954076069859,Static grid search,,1.0
Static grid candidate 194,Direct daily source P&L,1.019298040701438,4719,18.726190476190474,0.3769194613808411,0.31984872956892807,0.32498436190720753,1.1075644254641228,-0.424223658436519,-0.1751506625375428,-0.5930270434690587,0.019187238794278638,5.630975080720023e-05,0.004786595923435579,0.8081311131685542,0.8354859598824405,0.8944482940147129,0.7433679111286475,Static grid search,,1.0
"High-vol equity cut: 26w, q80%, cut 25%",Direct daily source P&L,1.0555731519287594,4719,18.726190476190474,0.3736275313970998,0.3174550736421842,0.3249827213004051,1.0997920708642108,-0.48233503383195875,-0.11880286942664119,-0.4628562596110794,0.015895308810537356,4.628588078747308e-05,0.003943870592424712,0.806214982737504,0.8244081129590263,0.7947098532764668,0.9015500288610752,Regime allocation,Reduce direct equity during unusually high realized-volatility regimes.,1.0
Static grid candidate 492,Direct daily source P&L,1.0571343901008439,4719,18.726190476190474,0.3850221502193121,0.3257161324495475,0.32497970839439766,1.1250403631752088,-0.4565537997315994,-0.1302543357986311,-0.37508336227632744,0.027289927632749622,7.884816253776758e-05,0.0068573940326141876,0.7898733489314124,0.7930909737609674,0.7909566174456876,0.8318601950534373,Static grid search,,1.0
Combined: QQQ 75% + rates 20% + fast 4/26,Direct daily source P&L,1.0379018074636017,4719,18.726190476190474,0.3784901067025819,0.3209887745989293,0.32498393362813544,1.110370410874504,-0.5159314988352522,-0.11505036959340656,-0.3302100567869006,0.02075788411601942,5.992858119757277e-05,0.0053821274691802125,0.7649006065829451,0.7878403546283196,0.7932394065475553,0.7263832308047603,Combined candidate,,1.0
Static grid candidate 045,Direct daily source P&L,1.051373193625091,4719,18.726190476190474,0.3835628167555931,0.32466192344655137,0.32498199532246336,1.121827003418253,-0.46255136220089665,-0.1319866278642582,-0.3874676739350742,0.025830594169030663,7.470394856550265e-05,0.006755962005093292,0.7595936889573088,0.7727645708570385,0.7538673711117974,0.7850695729884926,Static grid search,,1.0
Static grid candidate 101,Direct daily source P&L,1.076371586623583,4719,18.726190476190474,0.39078509743071166,0.32986840598826006,0.3249825525405447,1.1379593548803955,-0.45735122274656803,-0.12295543251959115,-0.42439140298812533,0.033052874844149205,9.550956057025002e-05,0.008837579236748851,0.7424009431449237,0.7305189666500016,0.7143336954069913,0.8616013509766443,Static grid search,,1.0
Static grid candidate 267,Direct daily source P&L,1.0642357155788538,4719,18.726190476190474,0.37590241627969023,0.3191098185949351,0.3249845263338535,1.1050032040208824,-0.4702711621583531,-0.13655441864627904,-0.5056394588974836,0.01817019369312778,5.3006588231592796e-05,0.004947381428254168,0.7360027651588233,0.7555213933098494,0.716755968891767,0.8969087953168307,Static grid search,,1.0
Static grid candidate 281,Direct daily source P&L,1.05464210174167,4719,18.726190476190474,0.38909025244664486,0.3286490382247805,0.32498333588319556,1.1345895518543667,-0.4592904637662305,-0.18865225526248652,-0.535843168645428,0.031358029860082404,9.116358444541139e-05,0.008530471665705825,0.7341306168859333,0.7522038590301703,0.7701259577819526,0.8110346957712568,Static grid search,,1.0
Static: trend total 30%,Direct daily source P&L,1.0562616969425875,4719,18.726190476190474,0.36645673083742847,0.3122210616603158,0.3249811446217455,1.0835928887326485,-0.46058834748194755,-0.11558456553661635,-0.4328664611129104,0.008724508250866014,2.5394078435259174e-05,0.0024189016570209418,0.72117262557149,0.7233332818735541,0.7339743473340974,0.8579894945120792,Static risk budgets,Change the trend-following allocation and rescale all other sleeves pro rata.,1.0
"Vol forecast: fast 8w, slow 52w, floor 4%",Direct daily source P&L,1.0477572908782888,4719,18.726190476190474,0.36248469843838427,0.3093100169882612,0.3249818290401367,1.0747250343292252,-0.4635668219504038,-0.11964667100890514,-0.47628800337940774,0.0047524758518218135,1.3957361446717022e-05,0.001334047951541669,0.7187152726904289,0.6972914901838075,0.7371316321373784,0.7320635383741381,Volatility targeting,Change the speed and floor of the no-lookahead volatility estimator.,1.0
Static grid candidate 104,Direct daily source P&L,1.0457803792870266,4719,18.726190476190474,0.37922181048300985,0.3215194346675449,0.3249833643698209,1.112555436965664,-0.43231205072048473,-0.16501827152783602,-0.534803926046479,0.021489587896447393,6.27465711960928e-05,0.006040897930517647,0.7135320570490462,0.7258753738803391,0.7359244331980201,0.7537522811306525,Static grid search,,1.0
Static grid candidate 401,Direct daily source P&L,1.071098820035761,4719,18.726190476190474,0.3817678759204628,0.32336374880728525,0.32498534557623177,1.11799289957558,-0.48021217167312547,-0.13141770597732724,-0.4595778088394192,0.024035653333900342,6.975917178427785e-05,0.006775885185007218,0.7072293344629766,0.6807139458545834,0.6588291348427573,0.8116868543663747,Static grid search,,1.0
Static grid candidate 179,Direct daily source P&L,1.0667214949999742,4719,18.726190476190474,0.38466673422441544,0.3254594855757101,0.32498592295279094,1.1243749816660673,-0.4393178562495248,-0.11933340049205862,-0.4265000673245404,0.026934511637852987,7.799003162320058e-05,0.00758637573962993,0.7062032898284069,0.7192970129232995,0.7203356839118367,0.8514058127399735,Static grid search,,1.0
"High-vol equity cut: 26w, q90%, cut 25%",Direct daily source P&L,1.0501692211490357,4719,18.726190476190474,0.3682480081878967,0.31353109530386525,0.32498079320503037,1.0876910692662232,-0.4884676802689658,-0.11939176674224013,-0.4584901892130107,0.01051578560133426,3.0679430313877496e-05,0.002999796271996071,0.7025553067047113,0.7463515104940475,0.6710727347806753,0.7762745867792524,Regime allocation,Reduce direct equity during unusually high realized-volatility regimes.,1.0
Static grid candidate 112,Direct daily source P&L,1.0523097274751791,4719,18.726190476190474,0.378981805966651,0.3213454050813802,0.3249826372159808,1.1117908711571034,-0.4246531690547153,-0.1267405664499667,-0.4667340896501901,0.021249583380088533,6.176052402235388e-05,0.00606710047910683,0.6992859031272511,0.673832715850933,0.6693619357344215,0.732937640121408,Static grid search,,1.0
Static grid candidate 359,Direct daily source P&L,1.0705662888787866,4719,18.726190476190474,0.37873458900553714,0.32116611401125666,0.3249836748983021,1.111121614000909,-0.4774639819245394,-0.13244484848479615,-0.4142918371215877,0.021002366418974683,6.089739475345265e-05,0.005988083863871618,0.698611657230218,0.7224964370094118,0.6948150222817912,0.8494298470035762,Static grid search,,1.0
Static grid candidate 290,Direct daily source P&L,1.007301937465632,4719,18.726190476190474,0.3813613574206731,0.32306950379129634,0.3249815277447249,1.1174437043242518,-0.4311072824112425,-0.18704143486558472,-0.5607237118282361,0.023629134834110666,6.905088425776345e-05,0.006809966601503465,0.6965451156109728,0.6724808867718859,0.7205115037593869,0.5470439090169193,Static grid search,,1.0
Grid winner: maximum Sharpe,Direct daily source P&L,1.0073168853042884,4719,18.726190476190474,0.38135274449587264,0.32306326867287044,0.3249815292988483,1.117425140068342,-0.43111255318530883,-0.1870442104635325,-0.5610402869370102,0.023620521909310188,6.90269422610546e-05,0.006809634623721299,0.6963375483166593,0.672250676214394,0.7202271618883316,0.5468537219664045,Data-mined static grid,Best candidate from the constrained static grid under the named objective; biased upward by selection.,1.0
Grid winner: maximum full-sample CAGR,Direct daily source P&L,1.0073168853042884,4719,18.726190476190474,0.38135274449587264,0.32306326867287044,0.3249815292988483,1.117425140068342,-0.43111255318530883,-0.1870442104635325,-0.5610402869370102,0.023620521909310188,6.90269422610546e-05,0.006809634623721299,0.6963375483166593,0.672250676214394,0.7202271618883316,0.5468537219664045,Data-mined static grid,Best candidate from the constrained static grid under the named objective; biased upward by selection.,1.0
Static grid candidate 009,Direct daily source P&L,1.0285946443520073,4719,18.726190476190474,0.3669128276231568,0.31255478659593594,0.32498347385041454,1.0846322740979981,-0.43230618547496047,-0.11541164835089182,-0.43906119692284296,0.009180605036594347,2.6734555592952377e-05,0.0026513654840922716,0.692673159866302,0.6754054780230502,0.6409816536212071,0.5099995637978664,Static grid search,,1.0
Static grid candidate 178,Direct daily source P&L,1.0796421571577177,4719,18.726190476190474,0.39220288967634853,0.330887305368971,0.32498416476117403,1.1409704128789662,-0.45285220883106303,-0.12708199118012514,-0.3626602877615104,0.03447066708978608,9.939286949697885e-05,0.010343310549680103,0.6601165989270174,0.6791955059745812,0.6633427389953642,0.7870563256800406,Static grid search,,1.0
Static: equity total 30%,Direct daily source P&L,1.0634125085645194,4719,18.726190476190474,0.3759406826153726,0.3191376300175413,0.3249807587993745,1.1048397561342898,-0.4715657461904097,-0.11825743869717498,-0.4016251994670705,0.01820846002881016,5.2795792346105995e-05,0.005538320852601275,0.6548565692207452,0.6669383448431049,0.6643029848801065,0.7577540444462044,Static risk budgets,Change total direct-equity risk while rescaling all other sleeves pro rata.,1.0
Static grid candidate 062,Direct daily source P&L,1.0493670180238308,4719,18.726190476190474,0.3851325281468816,0.3257958232541726,0.3249857700767301,1.1257119928729113,-0.4672846485876453,-0.18617302329896493,-0.500861543121315,0.027400305560319138,7.971435163202683e-05,0.00843716982723924,0.6490299167100901,0.6833295056695093,0.6945555195713895,0.710801588508418,Static grid search,,1.0
Static: styles total 20%,Direct daily source P&L,1.054934433536147,4719,18.726190476190474,0.3733932482425131,0.3172845011027331,0.32498101594188034,1.0992815833482283,-0.46497039256177286,-0.11723926424205595,-0.47136088906080753,0.015661025655950622,4.5627513951384166e-05,0.004877862684877826,0.6425726324765714,0.6101343929738103,0.5778636642703937,0.694615389334754,Static risk budgets,Change the market-neutral style allocation and rescale all other sleeves pro rata.,1.0
Static grid candidate 208,Direct daily source P&L,1.020665658244763,4719,18.726190476190474,0.3754663585998521,0.318792843504231,0.3249837416727419,1.1038484578926864,-0.44197306886904475,-0.12393929393251674,-0.43522158511594644,0.01773413601328966,5.1517332312292486e-05,0.00551940098022406,0.6411895098008161,0.6168777323314298,0.6269698828620655,0.4919722785318792,Static grid search,,1.0
Static grid candidate 131,Direct daily source P&L,1.0291670297691495,4719,18.726190476190474,0.3684044384681857,0.3136454176619341,0.3249844263751051,1.0878831308098493,-0.4571628757624391,-0.1141216802617846,-0.3895115099611061,0.01067221588162326,3.092712873323648e-05,0.003397075846039827,0.6254021174901602,0.6119332103767995,0.6123877301772945,0.4745118316938937,Static grid search,,1.0
Static grid candidate 365,Direct daily source P&L,1.0230035217198588,4719,18.726190476190474,0.38473873150960536,0.3255114803349441,0.3249879543435942,1.125313347948349,-0.45351581484877934,-0.19951421276592796,-0.6710361314504177,0.027006508923042905,7.920022623328601e-05,0.008735480514135764,0.6228229561603633,0.6474208133903685,0.6739239854041185,0.6101262525558595,Static grid search,,1.0
Static grid candidate 277,Direct daily source P&L,1.0303435199668434,4719,18.726190476190474,0.37806060277029196,0.32067715041273853,0.3249805413555864,1.1098580352674163,-0.44054223549002824,-0.17795380770577232,-0.4791438208573066,0.02032838018372951,5.926777932335277e-05,0.006541006997509531,0.622442201519214,0.6502948913396913,0.6931047367740655,0.5831625409065468,Static grid search,,1.0
Static grid candidate 308,Direct daily source P&L,1.0173393301940987,4719,18.726190476190474,0.38203902223426955,0.32355996100637696,0.3249876356709378,1.119086774153119,-0.44092726356211576,-0.19594855103521353,-0.5905868228855125,0.0243067996477071,7.11699227275327e-05,0.007903596819075858,0.6185811835664171,0.6445811621859711,0.6845590514307425,0.5664921676208444,Static grid search,,1.0
"Static: commodities 12%, gold only",Direct daily source P&L,1.0395726818101767,4719,18.726190476190474,0.3686140059978835,0.31379855329792666,0.3249835164248788,1.0884630529201995,-0.45956164908576413,-0.13681166671844083,-0.4325027640160719,0.010881783411321067,3.167504415333117e-05,0.0035264608390180247,0.6170255562259351,0.6569161110625996,0.6549088669494603,0.6198611922639626,Static risk budgets,Change static commodity beta and its mix.,1.0
"Vol forecast: fast 8w, slow 26w, floor 2%",Direct daily source P&L,1.041677720612526,4719,18.726190476190474,0.361747997170383,0.308769166504272,0.3249825195573588,1.0729774506330314,-0.45090114971019857,-0.11505337428214794,-0.44008483011575966,0.0040157745838205194,1.1703533267102395e-05,0.0013111394237900302,0.6131872366217779,0.6268695855994834,0.619814404849857,0.6199994861407587,Volatility targeting,Change the speed and floor of the no-lookahead volatility estimator.,1.0
"Vol forecast: fast 8w, slow 26w, floor 1%",Direct daily source P&L,1.041677720612526,4719,18.726190476190474,0.361747997170383,0.308769166504272,0.3249825195573588,1.0729774506330314,-0.45090114971019857,-0.11505337428214794,-0.44008483011575966,0.0040157745838205194,1.1703533267102395e-05,0.0013111394237900302,0.6131872366217779,0.6268695855994834,0.619814404849857,0.6199994861407587,Volatility targeting,Change the speed and floor of the no-lookahead volatility estimator.,1.0
Static grid candidate 381,Direct daily source P&L,1.0397108706276375,4719,18.726190476190474,0.38742623960953093,0.32745040458359576,0.32498193105031103,1.1308861429504327,-0.45002949605961495,-0.19198692662990396,-0.5301222633422754,0.029694017022968477,8.638736264470293e-05,0.009742242998564755,0.6091387759172312,0.605426126912011,0.6230693219021539,0.608282306401132,Static grid search,,1.0
Static grid candidate 041,Direct daily source P&L,1.043854198165807,4719,18.726190476190474,0.37652008471245746,0.3195586366400667,0.32497838347829194,1.106180488083843,-0.4492113342199461,-0.11209484426538328,-0.42594403330627095,0.018787862125895005,5.452491093183971e-05,0.006161738643573453,0.6078783558696779,0.5751331161392369,0.5706032508034218,0.576884393216026,Static grid search,,1.0
Static grid candidate 061,Direct daily source P&L,1.0415853522378085,4719,18.726190476190474,0.3822284778117051,0.3236970357125907,0.324987049867209,1.1189165361730307,-0.458734949983869,-0.1711765824964405,-0.4038172523677914,0.02449625522514265,7.09503697770214e-05,0.00811618589746158,0.6005202629967785,0.6065194656953804,0.5974231099974159,0.5878795071176462,Static grid search,,1.0
Static grid candidate 002,Direct daily source P&L,1.0597277064539492,4719,18.726190476190474,0.37840248873896165,0.32092521175734756,0.3249813871521075,1.1103483452141998,-0.4262576250864064,-0.11972745967595019,-0.40092747816153684,0.020670266152399197,5.990012350075213e-05,0.006971672950543121,0.5902224178065598,0.5819046435409345,0.5915464795710341,0.6424253793258141,Static grid search,,1.0
Static grid candidate 332,Direct daily source P&L,1.0440043024095067,4719,18.726190476190474,0.3803073637495462,0.32230620172380176,0.32498180392014064,1.1143824051351146,-0.47235486292022644,-0.13892174968466353,-0.3076184945348313,0.02257514116298376,6.510278014478876e-05,0.00758887548185298,0.5893144589514542,0.6107686133520362,0.6131759109557872,0.5734337801320506,Static grid search,,1.0
"Vol forecast: fast 8w, slow 26w, floor 4%",Direct daily source P&L,1.046841775332878,4719,18.726190476190474,0.36158830720835367,0.3086518912621684,0.32498170573151713,1.072705296272741,-0.4645808509439605,-0.11942608500021663,-0.47925698956190693,0.0038560846217912115,1.1352540540537228e-05,0.0013623468338051115,0.5724405145040109,0.5572660272151937,0.5866024469495691,0.581025176021243,Volatility targeting,Change the speed and floor of the no-lookahead volatility estimator.,1.0
Static grid candidate 312,Direct daily source P&L,1.0385652140168429,4719,18.726190476190474,0.37333378083986934,0.3172412005475464,0.3249824933296389,1.0992155344949885,-0.4300086875517357,-0.1631348199541657,-0.4724856971658336,0.01560155825330689,4.554233189859461e-05,0.005474766143304324,0.5714453193341456,0.592192263252832,0.6059680151143864,0.5586492696852682,Static grid search,,1.0
Static grid candidate 473,Direct daily source P&L,1.04092931748478,4719,18.726190476190474,0.38255688096010987,0.32393459711959655,0.3249821841021877,1.1194886729865494,-0.44418415343486595,-0.12846446009180645,-0.3477917062703512,0.024824658373547415,7.168824463572693e-05,0.00870118478377596,0.5659714750604132,0.5544045625721098,0.5520405416714695,0.5248232010370495,Static grid search,,1.0
Static grid candidate 360,Direct daily source P&L,1.040328529485188,4719,18.726190476190474,0.3813847712547145,0.3230864534732069,0.32497953951988284,1.1175009928197852,-0.4449580322912131,-0.18991100289778293,-0.5687988834047932,0.02365254866815203,6.912476823017809e-05,0.008432106818038004,0.5631480404697083,0.5476499197788395,0.5568644562591362,0.5652402862645233,Static grid search,,1.0
Static grid candidate 286,Direct daily source P&L,1.0454045075269762,4719,18.726190476190474,0.3828435266301158,0.3241419057395314,0.3249798333420191,1.1201315372435916,-0.44509348882579636,-0.1373658532665917,-0.3504222248000194,0.02511130404355333,7.251733544341997e-05,0.008863664434328991,0.562022265005105,0.5505290262414316,0.5555902099917474,0.5411868287309541,Static grid search,,1.0
